[{"name":"HUY TRAN","email":"tuanhuytran97@gmail.com","gender":0,"text":"ssss"},{"name":"HUY TRAN","email":"tuanhuytran97@gmail.com","gender":0,"text":"123"},{"name":"HUY TRAN","email":"tuanhuytran97@gmail.com","gender":0,"text":"bbb"},{"name":"HUY TRAN","email":"tuanhuytran97@gmail.com","gender":0,"text":"ssss"},{"name":"Tran Tuan Huy 22","email":"tuanhuytran97@gmail.com","gender":0,"text":"fsavavsa"},{"name":"HUY TRAN","email":"tuanhuytran97@gmail.com","gender":1,"text":"ssss"},{"name":"Nguyen Xe","email":"sa@gmail.com","gender":1,"text":"hello everyone"}]